duration_song,centroid_f,Ht_temporal_entropy,LFC_spectral_cover,MFC_spectral_cover,HFC_spectral_cover,Hf_spectral_entropy,number_of_freq_peaks,Hf_Havrda_spectral_entropy,Hf_Renyi_spectral_entropy,Hf_pairedShannon_spectral_entropy,Hf_gamma_spectral_entropy,Hf_GiniSimpson_spectral_entropy,peak_freq,peak_freq_amp_by_mean_amp,peak_f_roi,centroid_f_roi,num_syllables_per_unit_time,syllable_duration_mean,syllable_duration_std,mean_gap_duration,gap_duration_std,sound_per_silence_ratio,sound_per_vocalization_ratio,drumming,birdlife_sci_name,short_or_continuous_song
,4177.4414,0.8994,0.3784,0.3552,0.3661,0.6304,16,0.3331,3.6474,4.9207,2071.6566,0.9764,4016.1094,1.0633,4022.1094,4177.4414,7.6176,0.0587,0.0259,0.074,0.0444,0.7964,0.4474,no,Alauda arvensis,continuous
2.3333,4033.8867,0.7906,0.4092,0.3509,0.3856,0.642,29.6667,0.3331,3.6902,4.9936,2851.55,0.9775,4006.1094,1.1455,4485.1732,4062.5977,6.4444,0.0531,0.0206,0.1185,0.094,0.5105,0.3414,no,Cettia cetti,short
3.4,1929.375,0.8242,0.3597,0.2574,0.33,0.5673,27.6,0.3315,2.9914,4.5133,2150.2274,0.9502,1801.9227,1.957,1885.4422,1963.8281,7.1567,0.0551,0.031,0.0939,0.0666,0.6435,0.3832,no,Corvus corone,short
6,3229.9805,0.8148,0.4088,0.3573,0.3899,0.5755,28,0.3326,3.1387,4.5707,1715.3391,0.9624,3262.9584,3.1923,3263.625,3244.336,6.4873,0.0552,0.022,0.0952,0.0554,0.5952,0.3578,no,Sylvia atricapilla,short
2,3962.1094,0.8278,0.3823,0.3676,0.3712,0.6241,29,0.333,3.4611,4.8799,2462.986,0.9729,4122.482,1.7963,4093.0422,4022.4024,6.8,0.0601,0.0162,0.0996,0.0434,0.6675,0.403,no,Ficedula hypoleuca,short
1,2054.8828,0.7344,0.395,0.2604,0.3508,0.3899,29.4286,0.3233,1.8044,3.3577,449.1019,0.8622,2085.8639,13.7629,2084.2829,2073.3399,6.7143,0.0517,0.0207,0.0954,0.0375,0.3377,0.3377,no,Oriolus oriolus,short
3.25,2411.7188,0.85,0.3754,0.321,0.3594,0.549,28,0.3323,2.9003,4.401,1366.9319,0.9538,2129.2207,3.4756,2122.7041,2454.7852,7,0.0618,0.0338,0.0912,0.0505,0.7183,0.431,no,Turdus merula,short
2.3333,5124.9024,0.8266,0.374,0.2921,0.3361,0.4834,19.8333,0.3303,2.5481,3.9763,973.7914,0.9244,5017.8366,5.7936,5008.8255,5096.1914,8.3056,0.0581,0.0124,0.0748,0.0301,0.771,0.4599,no,Cyanistes caeruleus,short
2,3334.5703,0.8153,0.3709,0.3416,0.3671,0.5785,25,0.3326,3.1866,4.5897,1856.2511,0.9619,3190.8477,2.4434,3194,3346.875,7.119,0.0631,0.0163,0.089,0.034,0.6524,0.4377,no,Fringilla coelebs,short
2.25,7536.6211,0.8585,0.3595,0.2918,0.3283,0.4492,16,0.3305,2.393,3.7599,611.2217,0.9188,7526.7881,6.1978,7486.9883,7568.9209,8.375,0.0555,0.013,0.066,0.0172,0.8899,0.4648,no,Regulus ignicapilla,short
3.4,2988.8086,0.7514,0.3893,0.3239,0.3619,0.5246,21.6,0.3298,2.7418,4.2354,1518.4989,0.9301,2971.7156,5.5787,2971.7156,2962.9687,6.5667,0.0603,0.0254,0.0897,0.0433,0.7104,0.3841,no,Luscinia megarhynchos,short
4.6667,4507.6172,0.7654,0.4016,0.3097,0.3642,0.5728,24.3333,0.3328,3.2329,4.5555,1397.3544,0.965,4524.9062,1.7098,4524.2396,4507.6172,6.6944,0.0493,0.0186,0.1093,0.1323,0.5139,0.3233,no,Phoenicurus ochruros,short
33,3402.2461,0.8501,0.4103,0.3365,0.3801,0.6361,22,0.3331,3.6535,4.9564,2387.6102,0.977,3326.0469,0.5733,3321.0469,3402.2461,5.7879,0.0565,0.0215,0.1151,0.0694,0.4936,0.3272,no,Acrocephalus scirpaceus,short
2.6364,3159.5082,0.8368,0.3721,0.2857,0.3685,0.4365,18.8182,0.329,2.2839,3.6731,673.4653,0.9053,3191.2173,7.0216,3193.9446,3206.4897,7.697,0.0509,0.0147,0.1026,0.0467,0.5383,0.3551,no,Sitta europaea,short
1,5630.9326,0.8756,0.3542,0.2939,0.2983,0.5836,30.5,0.3327,3.1768,4.6231,1441.6559,0.9654,5210.4688,4.1528,5190.4356,5609.3994,8.5,0.0697,0.0302,0.0934,0.0671,0.6092,0.6092,no,Certhia brachydactyla,short
0,3755.3906,0.9148,0.2369,0.269,0.228,0.5794,37.6,0.3325,3.0896,4.5944,2001.5621,0.9604,3715.4578,2.109,3714.8578,3772.6172,1.4,0.0633,0.0144,0.0363,0,0.0821,0.0821,no,Passer domesticus,short
3.4,4099.9219,0.8458,0.3953,0.3261,0.3858,0.471,22.4,0.3289,2.3952,3.8925,834.1456,0.9137,4165.7484,7.1488,4301.1476,4108.5352,5.8333,0.06,0.0098,0.1182,0.043,0.5714,0.344,no,Parus major,short
3,3775.4883,0.8095,0.3984,0.3186,0.3793,0.6097,21.3333,0.3329,3.3241,4.788,2050.4055,0.9695,3086.6927,2.5306,3093.026,3818.5547,8.7778,0.0536,0.0114,0.0741,0.0214,0.7531,0.4705,no,Phylloscopus trochilus,short
3,4145.1416,0.8301,0.3674,0.335,0.3615,0.5906,21.25,0.3326,3.1494,4.6659,2022.5365,0.9635,4314.5908,1.9986,4098.5088,4166.6748,8.1833,0.0496,0.0208,0.0648,0.0401,0.7712,0.4021,no,Erithacus rubecula,short
3,6790.1367,0.8867,0.3387,0.3393,0.3166,0.7094,37.3333,0.3332,3.8981,5.4169,7212.733,0.9833,6807.4258,0.7777,6809.7591,6847.5586,9.9167,0.0433,0.0123,0.0567,0.0229,0.794,0.4294,no,Serinus serinus,short
1,2902.6758,0.9051,0.3055,0.3001,0.3086,0.6666,33,0.3331,3.735,5.1478,3648.9637,0.9795,2840.9031,0.8138,2844.3164,2945.7422,6,0.0551,0.0252,0.0695,0.0461,0.3361,0.3361,no,Garrulus glandarius,short
2,4220.5078,0.8763,0.3457,0.3032,0.3381,0.5033,23.2,0.3299,2.6735,4.101,1086.2145,0.9267,4164.7617,4.7379,4208.6281,4220.5078,9.2,0.0493,0.0096,0.0591,0.0148,0.8729,0.45,no,Emberiza cirlus,short
1,628.7695,0.7326,0.348,0.4203,0.4304,0.2728,1.6,0.3132,1.42,2.579,89.8185,0.7779,627.9031,9.5884,629.7031,628.7695,2.8,0.0799,0.0377,0.1682,0.0449,0.2095,0.2095,no,Cuculus canorus,short
3.6,4177.4414,0.7557,0.3945,0.3284,0.368,0.6082,22.8,0.333,3.3815,4.7792,2115.16,0.9703,4080.6289,1.5363,4046.1625,4211.8945,5.0833,0.0516,0.019,0.1426,0.0895,0.3858,0.254,no,Phylloscopus collybita,short
3.8,3548.6719,0.7868,0.397,0.3504,0.3698,0.5192,8.6,0.3302,2.8576,4.2046,949.5016,0.9349,3672.4047,5.3082,3676.2047,3591.7383,7.0667,0.0555,0.0115,0.0921,0.0463,0.6689,0.3859,no,Lullula arborea,short
2.75,4877.2705,0.8532,0.3417,0.3059,0.3226,0.5932,22.5,0.3327,3.1889,4.6838,1818.0045,0.9663,4747.7715,2.3821,4748.2715,4823.4375,9.625,0.048,0.0192,0.0579,0.0263,0.862,0.4587,no,Emberiza citrinella,long
5.4,3428.0859,0.8766,0.3425,0.3243,0.326,0.6054,31,0.3329,3.3287,4.7613,2405.942,0.9692,3182.8476,1.8226,3221.3008,3428.0859,8.7714,0.0551,0.0175,0.0687,0.0268,0.6693,0.4845,no,Curruca communis,long
1.2,2523.6914,0.8497,0.3533,0.2786,0.3478,0.4366,25.6,0.33,2.3275,3.6783,489.1547,0.9132,2466.9453,7.1939,2464.132,2540.918,6.9,0.0679,0.0274,0.1075,0.0541,0.4894,0.4551,no,Turdus viscivorus,long
0.6,2394.4922,0.8642,0.2935,0.2297,0.3012,0.5351,29.6,0.3319,2.8379,4.3111,1574.4856,0.948,2614.7711,1.3635,2495.3851,2437.5586,6,0.0557,0.015,0.0771,0.0478,0.3109,0.3109,no,Pica pica,short
3.1667,4959.8144,0.8404,0.3546,0.3372,0.3631,0.6218,14.5,0.3328,3.317,4.8646,2306.4931,0.9711,5268.5684,2.5848,5348.0235,4974.1699,8.6667,0.0515,0.0169,0.0711,0.0304,0.7553,0.4459,no,Prunella modularis,long
5.3333,3445.3125,0.839,0.3884,0.3776,0.3851,0.6133,11.6667,0.3331,3.6072,4.8135,1703.9869,0.9748,3581.112,1.2498,3577.4453,3459.668,6.7976,0.0549,0.0227,0.0897,0.0594,0.6347,0.3737,no,Prunella collaris,""
34,3789.8438,0.8596,0.3998,0.335,0.3794,0.6431,11,0.3331,3.7123,5.0008,2410.052,0.9782,3667.5781,0.7217,3696.6445,3789.8438,7.5882,0.0519,0.0218,0.0809,0.0509,0.6437,0.3937,no,Melanocorypha calandra,""
1.375,3859.8267,0.8411,0.3495,0.3373,0.3613,0.6004,18.75,0.3329,3.3233,4.7293,1895.2933,0.9685,4070.4507,2.0403,4074.1006,3865.21,9.25,0.0541,0.0154,0.0714,0.0334,0.6366,0.4954,no,Calandrella brachydactyla,""
0.2,4043.9356,0.6838,0.386,0.3756,0.3922,0.5492,33.6,0.3304,2.5767,4.3914,2234.7965,0.9344,4276.7277,4.3982,4277.5277,4091.3086,2.6,0.0541,0.0023,0.1197,0.0065,0.1442,0.1442,no,Loxia curvirostra,""
1.6,5969.0039,0.7849,0.3807,0.3171,0.359,0.5946,12.6,0.3328,3.2862,4.6923,1855.8208,0.9662,6147.2164,1.643,6150.4164,5951.7773,6.15,0.0537,0.0147,0.0801,0.0175,0.4056,0.3223,no,Motacilla cinerea,short
2,4258.1909,0.811,0.3304,0.3133,0.3451,0.6071,17.875,0.3327,3.1855,4.7702,2124.8346,0.9664,4464.9483,1.8024,4585.7642,4317.4072,2.5,0.0592,0.0158,0.0407,0.007,0.1548,0.1268,no,Motacilla alba,short
0.7778,5148.8281,0.7696,0.3608,0.3187,0.3345,0.613,21.5556,0.3328,3.4568,4.8089,2016.4001,0.9699,4897.1558,1.2566,4844.8377,5038.7695,3.7222,0.0521,0.0112,0.0846,0.0294,0.1991,0.1832,no,Motacilla flava,short
26,2282.5195,0.7754,0.3997,0.2647,0.3418,0.517,17,0.3315,2.608,4.1951,1056.892,0.9414,2046.0547,4.0293,2047.1211,2325.5859,6.3077,0.0554,0.0274,0.1035,0.0627,0.5384,0.3494,no,Pyrrhula pyrrhula,short
2,4112.8418,0.8312,0.4167,0.3591,0.3766,0.579,22.75,0.3325,3.0243,4.5916,1732.7824,0.961,3699.1279,3.6054,3701.1445,4091.3086,4.875,0.0681,0.0275,0.1167,0.0257,0.6397,0.3312,no,Emberiza schoeniclus,short
2.6667,4507.6172,0.7399,0.3956,0.3306,0.3631,0.6334,30,0.3328,3.3156,4.936,3519.8452,0.9693,4847.7266,2.2986,4852.0599,4536.3281,7.6111,0.0486,0.0143,0.0922,0.0497,0.5576,0.3704,no,Emberiza cia,short
1.7273,3832.9102,0.836,0.3617,0.3329,0.3692,0.4579,22.2727,0.3263,2.3039,3.8016,748.4298,0.8981,3694.8082,10.8204,3691.1658,3821.1648,6.6364,0.0544,0.0202,0.0751,0.0358,0.6006,0.3635,no,Emberiza hortulana,medium
2.75,5749.3652,0.8415,0.4222,0.3654,0.4058,0.6505,20.5,0.333,3.6113,5.0455,3400.8759,0.9759,5221.4688,1.0452,5116.8359,5760.1318,9.125,0.0454,0.0204,0.0605,0.0398,0.7874,0.4127,no,Emberiza calandra,long
2.25,2530.1514,0.8905,0.3815,0.3695,0.3988,0.5751,18,0.3327,3.1746,4.5688,2615.6259,0.9625,2111.9375,1.1873,2110.9375,2551.6846,4.5,0.0999,0.0543,0.131,0.1077,0.7887,0.4105,no,Nucifraga caryocatactes,""
3.4444,3828.125,0.8056,0.3465,0.3293,0.3438,0.6344,27.8889,0.333,3.5226,4.9446,2614.0164,0.9742,3413.75,1.3593,3615.6228,3813.7695,6.4057,0.0491,0.0123,0.0705,0.0295,0.4194,0.3094,no,Carduelis carduelis,short
0.6667,3120.8789,0.7909,0.339,0.3122,0.3192,0.5244,28.5333,0.3303,2.6479,4.2353,1646.5988,0.9317,3045.0307,2.3021,3042.5063,3097.9102,2.6667,0.0612,0.0229,0.1133,0.0291,0.1602,0.1602,no,Pyrrhocorax graculus,""
0.4444,1952.3437,0.7831,0.2531,0.2698,0.278,0.5026,31.1111,0.3308,2.5395,4.0989,1644.2986,0.9301,1894.4184,3.6638,1896.8628,1961.914,4,0.0559,0.0241,0.071,0.0232,0.2328,0.2328,no,Corvus monedula,short
6.75,4091.3086,0.7534,0.4175,0.3212,0.3934,0.6362,22,0.333,3.4725,4.955,2796.6127,0.9732,3988.8428,1.0276,3985.5762,4080.542,5.0496,0.0597,0.021,0.1412,0.0734,0.4486,0.2985,no,Cinclus cinclus,short
14,6933.6914,0.6902,0.285,0.2286,0.272,0.6065,14,0.3329,3.3502,4.7681,2179.2731,0.9697,7193.0234,1.6646,7193.0234,6933.6914,4.0714,0.0527,0.0222,0.1867,0.1358,0.2872,0.2145,no,Cisticola juncidis,long
9.75,3843.6768,0.809,0.4039,0.3172,0.3837,0.5692,19.25,0.3328,3.2495,4.5331,1189.1408,0.9652,4049.6924,2.4978,4045.1758,3865.21,5.725,0.0564,0.0222,0.1173,0.0946,0.5107,0.3252,no,Galerida cristata,short
1,1714.0429,0.8997,0.2673,0.2369,0.2828,0.5325,26.8,0.3318,2.7061,4.2942,1266.4503,0.9461,1398.2852,2.1161,1380.6586,1714.0429,6.3,0.0674,0.0371,0.0561,0.0298,0.5241,0.3847,no,Corvus frugilegus,short
1.2727,2740.5895,0.8574,0.2631,0.233,0.2437,0.5823,34.3636,0.3322,2.9707,4.6097,2493.9142,0.9558,2759.0018,0.7281,2756.6321,2779.7408,5.1515,0.0667,0.0307,0.0651,0.0212,0.3519,0.26,no,Clamator glandarius,short
1,2251.7578,0.8855,0.2561,0.3056,0.301,0.6011,29.8571,0.3328,3.227,4.7326,2081.6582,0.9666,2329.5195,1.0923,2319.3577,2270.2148,3.3265,0.0626,0.035,0.0678,0.0277,0.229,0.1976,no,Pyrrhocorax pyrrhocorax,""
17,1937.9883,0.9102,0.2737,0.2539,0.2705,0.5067,11,0.3318,2.686,4.1318,764.906,0.9431,2115.1875,1.9238,2117.1875,1937.9883,9.8235,0.0511,0.0238,0.0516,0.0224,0.9959,0.5019,no,Caprimulgus europaeus,""
5.5455,3782.0135,0.8134,0.3581,0.3105,0.3414,0.6325,28,0.3328,3.4991,4.93,4230.6458,0.9693,3778.8501,1.3801,3763.3775,3817.2496,6.771,0.0556,0.0253,0.1063,0.0966,0.6202,0.3672,no,Sturnus vulgaris,short
1.6875,3593.3533,0.7884,0.3393,0.3293,0.3382,0.5218,31.5625,0.3297,2.6762,4.2171,2314.6133,0.9277,3449.9961,3.4679,3486.4292,3582.5867,5.6042,0.0535,0.0152,0.0849,0.035,0.4214,0.3011,no,Sturnus unicolor,""
2.6,3901.8164,0.8016,0.3599,0.3567,0.3549,0.6128,23.6,0.3329,3.4841,4.8084,2211.5372,0.9715,4001.8961,1.2564,3878.9102,3901.8164,9.4667,0.0429,0.0126,0.0553,0.0257,0.7971,0.4028,no,Curruca curruca,medium
5.5,3176.1474,0.8266,0.3814,0.3472,0.3739,0.6104,25.5,0.3328,3.294,4.7919,2304.68,0.9683,3128.2647,1.9459,3124.4981,3197.6807,7.5812,0.0547,0.0172,0.078,0.0326,0.7213,0.414,no,Sylvia borin,long
2,2644.2774,0.8524,0.3565,0.2984,0.3407,0.494,21,0.3316,2.6481,4.0501,821.2148,0.9386,2577.518,3.2551,2580.718,2670.1172,6.6,0.0587,0.0184,0.0706,0.0249,0.7689,0.3844,no,Curruca hortensis,short
3.2,4160.2148,0.8135,0.3895,0.3797,0.3626,0.6567,27,0.3331,3.752,5.0862,2803.3658,0.9795,3865.0969,0.7765,3864.2969,4151.6016,9.0667,0.046,0.0145,0.0625,0.0308,0.7671,0.4178,no,Curruca cantillans,long
2.25,3929.8096,0.866,0.3372,0.3364,0.3266,0.5984,22,0.3329,3.3035,4.7168,1914.1845,0.9685,4015.6426,1.23,4015.376,3951.3428,9.5417,0.0465,0.0153,0.0564,0.0236,0.837,0.4388,no,Curruca undata,short
1.5,4360.4736,0.7913,0.3739,0.3228,0.336,0.5263,25.75,0.3309,2.7006,4.2506,1168.9794,0.9378,4407.2236,2.1308,4405.4736,4371.2402,12.25,0.0398,0.0148,0.0532,0.0293,0.6798,0.4842,no,Curruca melanocephala,long
2.2,4203.2812,0.8657,0.337,0.3432,0.3303,0.6187,26.8,0.333,3.4401,4.8458,1998.6034,0.9727,3803.8039,1.7464,4136.7086,4229.1211,8.6,0.0534,0.0184,0.0664,0.0247,0.8226,0.4504,no,Curruca conspicillata,""
8.6667,7249.5117,0.7115,0.3142,0.2567,0.2597,0.6927,33,0.3331,3.7068,5.3105,6389.3685,0.9787,7020.7578,0.7739,7018.7578,7278.2227,5.4048,0.0508,0.0196,0.154,0.1017,0.442,0.2759,no,Muscicapa striata,short
4,3886.7432,0.7085,0.3973,0.3171,0.359,0.567,27,0.3318,2.8222,4.5116,1718.787,0.9508,3518.6123,2.3008,3518.3623,3875.9766,5.25,0.0529,0.0194,0.1442,0.0878,0.4006,0.2772,no,Ficedula albicollis,""
7.75,4026.709,0.796,0.4182,0.3084,0.344,0.553,25,0.3315,2.9115,4.4216,2013.0381,0.9461,4021.3926,2.8762,4026.8926,4080.542,7.0491,0.0545,0.0213,0.0985,0.0521,0.5732,0.3744,no,Luscinia svecica,""
0.4483,1651.3739,0.7891,0.3135,0.2493,0.2976,0.4849,34,0.3268,2.4144,3.9734,1626.5554,0.9044,1327.9808,3.2562,1369.6311,1649.8889,2.3793,0.0824,0.0246,0.1156,0.0329,0.1906,0.1731,no,Corvus corax,short
3,5928.8086,0.8332,0.3474,0.2828,0.2869,0.6148,28.6667,0.3325,3.0754,4.8167,3001.9969,0.9635,6411.8281,2.6967,6410.1615,5928.8086,7.2222,0.0549,0.0193,0.0681,0.0317,0.8471,0.396,no,Certhia familiaris,short
3.2,3591.7383,0.7603,0.3939,0.3564,0.3532,0.6945,29,0.3332,3.9285,5.3239,4493.7292,0.9832,3929.7766,0.4011,3981.8961,3617.5781,6.7467,0.0546,0.0154,0.1,0.0633,0.5574,0.3676,no,Turdus pilaris,short
9,4715.7715,0.7466,0.377,0.2678,0.3087,0.6289,31,0.3329,3.3533,4.9086,3671.5384,0.971,5036.7031,1.1375,5037.7031,4715.7715,6.4935,0.053,0.0284,0.1077,0.0734,0.5103,0.343,no,Turdus iliacus,""
1.8462,2941.7668,0.7777,0.4175,0.2827,0.3558,0.4895,24.2308,0.3306,2.6082,4.0165,1114.0473,0.9282,3025.3717,4.7594,3092.7815,2955.018,5.9423,0.065,0.0165,0.1647,0.0785,0.395,0.3478,no,Turdus philomelos,long
0,5245.4883,0.5343,0.3329,0.2492,0.3313,0.3069,33.4,0.3149,1.4814,2.8004,391.576,0.7929,5218.3688,19.8963,5219.1688,5254.1016,2.4,0.0555,0.013,0.1296,0.0134,0.1323,0.1323,no,Coccothraustes coccothraustes,short
3.375,1970.2881,0.7582,0.3647,0.2809,0.3327,0.4356,26.375,0.33,2.3282,3.6727,409.9828,0.9141,1943.3135,4.7014,1942.9219,1997.2046,5.3229,0.056,0.0126,0.1084,0.039,0.3972,0.297,no,Merops apiaster,short
7,4249.2188,0.8471,0.3849,0.3642,0.3772,0.6597,14.6667,0.3332,3.7263,5.1051,2942.0877,0.9795,4209.086,0.5616,4267.8412,4263.5742,7,0.0492,0.0166,0.0881,0.0527,0.5743,0.3442,no,Hirundo rustica,short
9,3940.5761,0.808,0.3675,0.3491,0.3574,0.6602,17.5,0.3332,3.886,5.1086,2947.1114,0.9806,4030.6426,0.425,4029.6426,3962.1094,7.8,0.0499,0.0125,0.0769,0.0413,0.6606,0.3893,no,Delichon urbicum,short
5.6667,4364.0625,0.85,0.3602,0.3237,0.3476,0.6605,17,0.3332,3.8089,5.1102,3016.9945,0.9803,4418.0846,0.6449,4393.707,4364.0625,7,0.0589,0.0242,0.0863,0.0503,0.7459,0.406,no,Riparia riparia,short
0.3043,3613.8332,0.7916,0.2728,0.2163,0.2734,0.5658,33.1304,0.3318,2.9561,4.5049,2259.1988,0.9527,3444.1591,0.8542,3572.2605,3678.2626,1.9565,0.0599,0.0135,0.0946,0.0248,0.1373,0.1107,no,Ptyonoprogne rupestris,short
1.75,3552.9785,0.8226,0.3276,0.3379,0.3578,0.5796,27.75,0.3313,2.8881,4.5897,2110.7036,0.9502,3681.6279,4.0959,3676.3613,3563.7451,8,0.0582,0.0255,0.0939,0.052,0.5856,0.4606,no,Cecropis daurica,""
0.8571,572.168,0.7655,0.3271,0.3751,0.391,0.1374,2.2857,0.2456,0.6716,1.5503,37.2619,0.5142,577.673,31.853,578.673,578.3203,2.8571,0.0647,0.0016,0.1525,0.0074,0.1843,0.1843,no,Upupa epops,short
13.75,4898.8037,0.8422,0.3825,0.3704,0.377,0.73,37.25,0.3332,4.0668,5.547,8263.4179,0.9853,4216.958,0.6064,4780.8047,4974.1699,6.457,0.0562,0.0198,0.0949,0.0527,0.6195,0.3622,no,Hippolais icterina,long
3.25,3700.1221,0.7893,0.3638,0.3238,0.3399,0.599,30.0833,0.3322,3.1856,4.7168,2425.6325,0.9608,3775.333,1.3077,3675.3503,3728.833,7.0916,0.0516,0.0161,0.0871,0.0385,0.5209,0.3661,no,Hippolais polyglotta,short
14,3703.7109,0.8819,0.3654,0.3275,0.3458,0.6899,32,0.3332,3.8743,5.2948,4936.2349,0.9825,3208.9141,1.4115,3210.9141,3746.7773,7,0.0613,0.028,0.0855,0.0423,0.7246,0.4293,no,Linaria cannabina,short
10.3333,4091.3086,0.8401,0.337,0.2618,0.3016,0.6077,23.3333,0.3324,3.3031,4.7706,4841.2671,0.9604,4008.1094,0.811,4001.1094,4062.5977,9.409,0.0443,0.016,0.0601,0.032,0.759,0.417,no,Locustella luscinioides,""
,6115.4297,0.9076,0.356,0.2831,0.3355,0.5023,11,0.3309,2.4626,4.0971,1566.1133,0.9294,5971.1641,1.7907,5971.1641,6072.3633,9.6,0.051,0.0237,0.055,0.028,0.9378,0.4899,no,Locustella naevia,continuous
0.4444,5751.7578,0.8168,0.2707,0.2157,0.3233,0.4925,32.1111,0.3306,2.4437,4.0333,2305.5847,0.925,5417.3898,3.3027,5424.1823,5770.8984,3.1111,0.0629,0.0162,0.1164,0.0321,0.1935,0.1935,no,Alcedo atthis,short
6,5124.9024,0.8716,0.3433,0.2906,0.3007,0.5946,27,0.3328,3.3388,4.6928,2363.6695,0.9675,5288.7682,1.4711,5170.569,5139.2578,6.8333,0.0571,0.0261,0.0847,0.0463,0.6966,0.391,no,Apus apus,short
3,4629.6387,0.8952,0.3384,0.3154,0.2983,0.5952,32.5,0.3328,3.2148,4.6957,2247.8232,0.9667,4840.3877,1.704,4842.3877,4694.2383,6.1875,0.0602,0.0232,0.0981,0.0645,0.6581,0.3731,no,Apus pallidus,""
7.75,3832.9102,0.8122,0.3269,0.3368,0.3343,0.5535,29.25,0.3322,2.8917,4.428,2517.7643,0.9511,3933.5098,1.6469,3935.2598,3854.4434,10.05,0.0432,0.0096,0.0684,0.0259,0.7666,0.4141,no,Tachymarptis melba,""
4.3333,3086.4258,0.8331,0.348,0.3002,0.3178,0.5303,29.3333,0.3322,2.9927,4.2831,1219.8795,0.9512,2900.2383,3.4867,2901.405,3100.7812,7.1,0.0561,0.0206,0.0737,0.034,0.7653,0.3966,no,Monticola solitarius,""
6.2,3229.9805,0.8127,0.38,0.3074,0.3496,0.5873,25.6,0.3317,2.9955,4.6398,2129.1986,0.9541,3192.4742,2.716,3190.6609,3264.4336,7.0197,0.0567,0.0246,0.078,0.041,0.7555,0.3963,no,Monticola saxatilis,""
1,3587.97,0.7286,0.358,0.3163,0.3359,0.6152,32.8125,0.3324,3.341,4.8192,3237.5607,0.9635,3326.376,1.4611,3478.4209,3585.2783,6.5312,0.0571,0.0198,0.0928,0.0447,0.356,0.3331,no,Turdus torquatus,short
3,3703.7109,0.637,0.3843,0.3391,0.3682,0.6332,36.3333,0.3329,3.4662,4.9363,3307.3443,0.9724,3122.4258,1.4254,3120.0924,3631.9336,3.5556,0.0614,0.009,0.1224,0.0216,0.2419,0.1936,no,Passer montanus,short
0,3488.3789,0.8105,0.3105,0.3125,0.3045,0.5664,32.1429,0.3315,2.8856,4.5066,1927.6071,0.9482,3518.6456,3.4796,3485.7221,3482.2266,2,0.0639,0.0114,0.0889,0,0.1277,0.1277,no,Petronia petronia,short
1.1429,4881.8848,0.768,0.3774,0.3309,0.3579,0.5724,25.7143,0.3301,2.9276,4.54,2812.2548,0.9421,4776.7285,2.3062,4796.976,4841.8945,6.1786,0.0552,0.0111,0.0855,0.0335,0.4084,0.3334,no,Poecile montanus,long
1.8333,4608.1055,0.8082,0.3722,0.3263,0.3529,0.5568,20.1667,0.3316,2.8075,4.4462,1924.9507,0.9473,4496.0397,3.0979,4490.5287,4600.9277,10.3333,0.0445,0.0162,0.0585,0.043,0.7487,0.4514,no,Lophophanes cristatus,long
3.1,5137.8223,0.823,0.3862,0.276,0.3524,0.5661,20.9,0.3319,2.9293,4.5066,1994.733,0.9519,5191.3422,3.5947,5215.8887,5142.1289,6.8357,0.0574,0.0164,0.0867,0.0301,0.7131,0.3895,no,Periparus ater,short
1.4828,4395.7435,0.7465,0.3894,0.3405,0.3814,0.5845,26.5862,0.332,3.1532,4.6246,2157.7429,0.9576,4390.3553,3.0651,4337.1396,4406.1389,6.8707,0.0527,0.0122,0.0957,0.031,0.4727,0.3569,no,Poecile palustris,short
3.25,6325.3784,0.7838,0.3972,0.2907,0.3601,0.5594,25.625,0.3318,3.0268,4.4631,2517.7361,0.9483,6699.6431,4.1696,6700.8931,6368.4448,4.8816,0.0605,0.0267,0.1167,0.0378,0.3237,0.2926,no,Aegithalos caudatus,short
0,3692.9443,0.3444,0.2801,0.2787,0.3001,0.7223,16,0.3333,4.2954,5.4995,5308.6736,0.9873,4120.292,0.1599,3514.3623,3660.6445,4,0.0556,0.0144,0.0694,0.0112,0.2224,0.2224,no,Tetrax tetrax,short
2.5,1902.0996,0.7949,0.3415,0.2588,0.3132,0.4354,27.1667,0.3267,2.1257,3.6563,1012.0371,0.8874,1639.6348,6.0205,1639.9681,1902.0996,9.0139,0.0544,0.0137,0.1004,0.0282,0.6639,0.4259,no,Picus canus,short
3.1,2803.6231,0.9057,0.3086,0.2681,0.2842,0.5764,32.1,0.3322,3.0275,4.5735,2152.0215,0.9562,2819.7832,2.0477,2860.943,2812.2363,6.315,0.0579,0.0219,0.0682,0.0293,0.4613,0.357,no,Leiopicus medius,short
3.5,1686.7676,0.8058,0.333,0.2562,0.3274,0.4028,17.8333,0.3244,1.8357,3.4404,690.2179,0.865,1646.9903,6.7827,1649.3236,1679.5899,10.2917,0.0502,0.0146,0.0868,0.0264,0.694,0.4294,no,Dryocopus martius,short
2.75,2077.9541,0.8376,0.3584,0.3162,0.3484,0.3404,23.25,0.3209,1.6621,3.0309,435.5207,0.8292,2092.6709,15.3081,2092.9209,2077.9541,6.6875,0.0563,0.0035,0.1034,0.0054,0.6348,0.3786,no,Picus viridis,short
1.625,1911.0718,0.8134,0.3117,0.292,0.3181,0.4566,21.25,0.3277,2.0992,3.7944,942.2518,0.8983,1715.9566,3.8373,1716.3316,1916.4551,13.2292,0.0384,0.0113,0.0488,0.0208,0.5962,0.4502,no,Dryobates minor,short
1.0526,2599.8509,0.7205,0.3785,0.3035,0.3665,0.4011,26.4737,0.3159,1.9728,3.411,715.5264,0.8412,2675.5841,9.592,2678.4893,2613.4508,4.4737,0.0548,0.024,0.0834,0.0344,0.3033,0.24,no,Lanius excubitor,""
0.9444,2564.8437,0.696,0.3696,0.2873,0.3479,0.3914,26.9444,0.315,1.9294,3.3471,616.6669,0.8351,2644.0658,9.9515,2645.625,2576.8066,4.8611,0.0534,0.0227,0.0875,0.042,0.2874,0.257,no,Lanius meridionalis,""
16.5,3703.7109,0.8198,0.3981,0.3567,0.3916,0.6723,33,0.3332,3.7077,5.1835,4816.6838,0.9791,3398.1465,0.6366,3587.4785,3746.7774,6.4652,0.0557,0.0231,0.0998,0.0586,0.5686,0.3608,no,Lanius senator,long
1.4545,3081.2056,0.748,0.3582,0.2837,0.3462,0.56,26.6364,0.3316,2.9271,4.4657,2414.3084,0.9467,2849.8679,1.5564,2702.9173,3069.4602,6.9242,0.0525,0.0149,0.0824,0.0447,0.3886,0.3573,no,Lanius collurio,short
1,409.1309,0.9156,0.1976,0.255,0.2652,0.2708,2,0.3092,1.3249,2.5553,102.2164,0.7618,428.0977,9.106,429.0977,409.1309,9.5,0.0479,0.016,0.0482,0.0152,0.4448,0.4448,no,Columba livia,short
0.8889,378.0274,0.8414,0.2412,0.3326,0.3475,0.1984,2.3333,0.2733,0.9327,2.0086,57.6091,0.6276,387.8645,41.0199,380.5165,378.0274,4.2222,0.0641,0.0351,0.0833,0.0203,0.252,0.252,no,Columba oenas,short
5.5,473.7305,0.8516,0.338,0.3909,0.3942,0.2976,1,0.3197,1.6155,2.7562,93.9575,0.8151,496.1973,13.1244,495.1973,473.7305,5.875,0.057,0.0326,0.101,0.0727,0.5962,0.3322,no,Columba palumbus,short
1,3479.7657,0.9019,0.3148,0.2731,0.3251,0.4676,25,0.3277,2.3824,3.8674,695.3315,0.9076,3582.0586,6.7234,3582.0586,3488.3789,2.8,0.1045,0.0716,0.0384,0.006,0.2818,0.2818,no,Fringilla montifringilla,""
7,4450.1953,0.8539,0.3988,0.3599,0.3961,0.6547,12,0.333,3.5934,5.072,3022.5544,0.9756,4148.3308,2.5008,4153.6641,4407.1289,6.4222,0.0627,0.0209,0.0918,0.0359,0.7082,0.401,no,Anthus trivialis,short
9,4722.9492,0.7877,0.4286,0.3688,0.4265,0.5216,8,0.3311,2.7822,4.2218,1169.5824,0.9389,4549.9505,4.2571,4543.6172,4722.9492,8.2105,0.0431,0.01,0.0838,0.0525,0.5274,0.3534,no,Anthus pratensis,short
0.8824,4248.3743,0.7667,0.3592,0.3242,0.3548,0.5526,19.2353,0.3322,2.907,4.423,1405.2997,0.953,4320.9506,3.193,4375.0914,4243.3077,4.4412,0.0466,0.0264,0.0617,0.0195,0.2084,0.1987,no,Anthus campestris,long
1,4694.2383,0.8856,0.261,0.2945,0.2352,0.6762,23.1667,0.3332,3.9619,5.2096,3056.6123,0.9828,4194.2305,0.7022,4221.6081,4701.416,12.8333,0.0319,0.0051,0.0314,0.0043,0.4092,0.4092,no,Phylloscopus bonelli,medium
4,4877.2705,0.8484,0.3867,0.329,0.362,0.611,22.75,0.3314,3.2886,4.7882,2783.0799,0.9544,4404.2236,2.1789,4406.2236,4898.8037,9.7292,0.046,0.0191,0.0615,0.0357,0.781,0.4276,no,Phylloscopus sibilatrix,short
3,6158.4961,0.8045,0.3738,0.3217,0.3494,0.6119,23,0.3319,3.1408,4.7948,3482.9072,0.9573,6150.2679,2.403,6146.5536,6140.0391,8.3095,0.0512,0.02,0.068,0.03,0.7889,0.4218,no,Regulus regulus,short
2,2294.8242,0.8181,0.3465,0.2965,0.341,0.5505,30.2143,0.332,2.9503,4.4094,1446.7978,0.9523,2264.8627,1.8691,2320.6576,2331.7383,5.0095,0.0546,0.0167,0.0977,0.0434,0.3987,0.272,no,Coracias garrulus,short
2.2,3953.4961,0.7905,0.388,0.3291,0.3592,0.5297,27.6,0.3303,2.4197,4.2683,1594.7744,0.9306,4054.5891,5.0999,4052.1758,3979.336,7.0667,0.0535,0.0212,0.0885,0.0508,0.662,0.3773,no,Phoenicurus phoenicurus,short
11.5,3359.1797,0.8151,0.451,0.3787,0.404,0.6036,31.5,0.3328,3.1606,4.7487,2900.5786,0.9662,3327.5469,1.7695,3329.0469,3359.1797,5.6072,0.0539,0.0152,0.126,0.0741,0.436,0.3022,no,Acrocephalus arundinaceus,long
2.2143,4029.7852,0.7639,0.38,0.3349,0.3622,0.626,31.9286,0.3329,3.4192,4.8909,2574.3832,0.9718,4331.7598,1.6699,4320.6694,4079.0039,5.7321,0.0532,0.0196,0.0851,0.0374,0.4874,0.3022,no,Acrocephalus palustris,short
4.4,3875.9766,0.8261,0.3797,0.3407,0.368,0.6133,19.6,0.3328,3.3155,4.8101,2435.4558,0.9683,3691.418,1.4432,3607.4852,3858.75,6.28,0.062,0.0214,0.0997,0.0966,0.6708,0.3751,no,Acanthis flammea,""
5.2,4151.6016,0.8419,0.3586,0.3369,0.3422,0.6022,31,0.3327,3.2007,4.7388,2721.6494,0.965,4173.7617,2.7445,4173.1617,4108.5352,8.1943,0.049,0.0186,0.0747,0.0306,0.6426,0.3979,no,Spinus spinus,""
4,3258.6914,0.844,0.3585,0.3399,0.3551,0.5039,22,0.331,2.4826,4.1068,1728.2401,0.9292,3213.8919,4.4003,3215.5586,3229.9805,5.6278,0.0559,0.0269,0.1204,0.0443,0.509,0.3128,no,Jynx torquilla,long
2.7,551.25,0.8343,0.268,0.362,0.3719,0.224,1.9,0.3003,1.1606,2.2307,64.6076,0.7071,544.777,23.0368,549.0903,559.8633,6.5075,0.0566,0.0281,0.0714,0.0432,0.6482,0.3682,no,Streptopelia turtur,short
21,516.7969,0.8403,0.2967,0.4072,0.4159,0.2309,1,0.2969,1.1069,2.2691,70.5563,0.7036,513.7305,27.4984,513.7305,516.7969,6.9524,0.0482,0.0187,0.0962,0.0472,0.5043,0.335,no,Streptopelia decaocto,short
1.4444,3986.0352,0.7871,0.3677,0.3217,0.3355,0.5432,32.4444,0.3318,2.8296,4.3608,1593.4092,0.9463,4088.1311,2.7442,4087.7904,4014.7461,7.7222,0.0552,0.0177,0.0816,0.0328,0.5452,0.3992,no,Oenanthe oenanthe,short
1.1111,3617.5781,0.8332,0.3401,0.2961,0.339,0.596,29.1111,0.333,3.3956,4.7028,1614.1925,0.9701,3636.9857,1.0631,3640.319,3631.9336,6.9074,0.0556,0.0195,0.0684,0.0291,0.4678,0.3625,no,Oenanthe hispanica,""
1,4328.1738,0.8516,0.3841,0.3346,0.3418,0.6055,28,0.3329,3.3721,4.7624,1741.5226,0.9703,4405.0625,2.0274,4483.0176,4328.1738,9.8333,0.0522,0.0169,0.0806,0.0335,0.5106,0.5106,no,Saxicola torquatus,short
1.4286,3777.5391,0.7499,0.3644,0.2992,0.3387,0.6097,29.9286,0.3328,3.2933,4.7872,2236.0263,0.9682,3525.8647,1.2817,3666.0114,3811.377,6.6786,0.0526,0.0126,0.0882,0.0497,0.4193,0.3274,no,Saxicola rubetra,short
4.5,4705.0049,0.8016,0.4201,0.3398,0.4037,0.6109,16,0.333,3.4563,4.7969,2048.4728,0.9717,4907.5205,1.4423,4832.1543,4683.4717,8.5417,0.046,0.0162,0.0792,0.0437,0.6024,0.3869,no,Troglodytes troglodytes,short
23.5,4005.1758,0.7716,0.3904,0.3127,0.3623,0.6327,25.5,0.333,3.4924,4.9338,2575.7822,0.9743,4310.0742,1.5505,4308.0742,4026.709,6.9926,0.047,0.0166,0.094,0.0543,0.5037,0.3286,no,Carduelis citrinella,long
1.9,3479.7656,0.8104,0.316,0.2712,0.3086,0.5356,25,0.3318,2.9235,4.3142,1334.4107,0.9475,3428.2195,3.2541,3421.3996,3484.0723,9.6167,0.0394,0.0099,0.0462,0.0171,0.4553,0.3694,no,Chloris chloris,short
11.3333,4478.9062,0.8412,0.4118,0.3676,0.3541,0.724,30,0.3333,4.2371,5.51,6840.8613,0.987,4372.0182,0.343,3742.3776,4464.5508,6.7778,0.0546,0.0169,0.0931,0.0601,0.5926,0.362,no,Acrocephalus schoenobaenus,long
0.6316,2162.3869,0.6774,0.26,0.2987,0.3199,0.5043,25.5263,0.3306,2.5699,4.109,1419.5225,0.9284,2024.367,2.61,2023.6828,2175.9868,6.9474,0.0411,0.0098,0.0462,0.0206,0.2532,0.2532,no,Dendrocopos major,short
5.5714,4700.3906,0.8566,0.3746,0.3368,0.3429,0.6216,10.5714,0.3329,3.3965,4.8633,2368.4627,0.9709,4307.7171,1.7393,4315.298,4614.2578,6.8408,0.0664,0.0081,0.1104,0.0151,0.6923,0.4181,no,Anthus spinoletta,""
